{
  "92": [
    [
      -0.006304999813437462,
      -0.03319500386714935,
      0.009999999776482582
    ],
    [
      0.006304999813437462,
      -0.03319500386714935,
      0.009999999776482582
    ],
    [
      0.006304999813437462,
      -0.04580499976873398,
      0.009999999776482582
    ],
    [
      -0.006304999813437462,
      -0.04580499976873398,
      0.009999999776482582
    ]
  ],
  "93": [
    [
      -0.010142564622552292,
      -0.03322915782972061,
      -0.0064683856429415066
    ],
    [
      -0.010147160237947065,
      -0.03322340086634797,
      0.006324422301318913
    ],
    [
      -0.010089359031339033,
      -0.045880949681890465,
      0.006310895337854695
    ],
    [
      -0.010075889071695243,
      -0.04581460730845999,
      -0.006532668562131197
    ]
  ],
  "94": [
    [
      0.006133628656264129,
      -0.033106665758545525,
      -0.010264243271143609
    ],
    [
      -0.006443188202643251,
      -0.033240266523677224,
      -0.010240019898907191
    ],
    [
      -0.006425939787145756,
      -0.04574407863866517,
      -0.010340664623867101
    ],
    [
      0.006229261323067071,
      -0.045712586398533955,
      -0.010253737306560684
    ]
  ],
  "95": [
    [
      0.009977950853522901,
      -0.033332269595095575,
      0.006189898495507049
    ],
    [
      0.010028069992021363,
      -0.03327200164773173,
      -0.006318544191973705
    ],
    [
      0.009995619897350256,
      -0.04581802869949302,
      -0.006384082021147692
    ],
    [
      0.010003213805814173,
      -0.045894535086285125,
      0.006098510924936004
    ]
  ],
  "96": [
    [
      0.002701029396399,
      -0.003135986856908927,
      0.011666501758501988
    ],
    [
      0.011634317450447214,
      -0.003149474551574604,
      0.0026872713062367614
    ],
    [
      0.011655178010223942,
      -0.015731329998779603,
      0.002748051471172318
    ],
    [
      0.0027492531270072035,
      -0.015792640603887412,
      0.01175293187965851
    ]
  ],
  "97": [
    [
      -0.011778988742053196,
      -0.003138076926097913,
      0.0026779709223598396
    ],
    [
      -0.002679782209401716,
      -0.0030654026947819794,
      0.011530729359681786
    ],
    [
      -0.0025650698978127552,
      -0.015696194613167045,
      0.01149119329276362
    ],
    [
      -0.011729641925768499,
      -0.015742280304459535,
      0.0025891549892461817
    ]
  ],
  "98": [
    [
      -0.002739596341158171,
      -0.0031376199919256895,
      -0.011778508433586339
    ],
    [
      -0.011754004779829018,
      -0.003031165564547033,
      -0.0029010642789452177
    ],
    [
      -0.011748757710582813,
      -0.015655006264525727,
      -0.0028352882804804115
    ],
    [
      -0.0028048003825612423,
      -0.01571276720596317,
      -0.011785464268250317
    ]
  ],
  "99": [
    [
      0.01130482225290627,
      -0.003089236968711577,
      -0.0027523636380417725
    ],
    [
      0.002663319899840802,
      -0.003060824481389962,
      -0.01154136871129515
    ],
    [
      0.0025637614431712383,
      -0.01566522724436973,
      -0.011544522276336755
    ],
    [
      0.011394263023606771,
      -0.015653906992534692,
      -0.0027420146106145586
    ]
  ]
}