{
  "92": [
    [
      -0.006304999813437462,
      -0.02319500409066677,
      0.005999999586492777
    ],
    [
      0.006304999813437462,
      -0.02319500409066677,
      0.005999999586492777
    ],
    [
      0.006304999813437462,
      -0.03580499812960625,
      0.005999999586492777
    ],
    [
      -0.006304999813437462,
      -0.03580499812960625,
      0.005999999586492777
    ]
  ],
  "93": [
    [
      -0.010269349017632216,
      -0.02317810653966287,
      -0.010300987185771791
    ],
    [
      -0.010127490180953476,
      -0.023141018891559312,
      0.0022529661451130287
    ],
    [
      -0.010024481449437881,
      -0.035752735993922036,
      0.0022435996170801584
    ],
    [
      -0.010171530049865842,
      -0.035769567639871366,
      -0.010345853989975196
    ]
  ],
  "94": [
    [
      0.006260359161508699,
      -0.02303034800743294,
      -0.013972315900585935
    ],
    [
      -0.006433909599225705,
      -0.023135095566849253,
      -0.013977893144768256
    ],
    [
      -0.006273149755440128,
      -0.03572666860213928,
      -0.013918265796427982
    ],
    [
      0.006429363168455521,
      -0.03562293576046731,
      -0.013956064627332605
    ]
  ],
  "95": [
    [
      0.009956550181974742,
      -0.02286649901907538,
      0.0026378793423438946
    ],
    [
      0.009801907115834625,
      -0.022785771559814722,
      -0.01003448054015128
    ],
    [
      0.00996615307116879,
      -0.035364122536866716,
      -0.01010470454038694
    ],
    [
      0.010064322031591022,
      -0.03550218132396561,
      0.0025555240095122564
    ]
  ],
  "96": [
    [
      0.0024152195643833414,
      0.006143443228433976,
      0.0075553930636520295
    ],
    [
      0.011218916650906841,
      0.006171025993882486,
      -0.001487125341821971
    ],
    [
      0.011242665204470353,
      -0.006437459971877126,
      -0.0014465201288921385
    ],
    [
      0.0024899269157421812,
      -0.006492212842592855,
      0.00760888280931922
    ]
  ],
  "97": [
    [
      -0.011930061346278144,
      0.006077723425830532,
      -0.0012910559867230983
    ],
    [
      -0.0029024534269276345,
      0.006132566212803614,
      0.007522371405279702
    ],
    [
      -0.0028510163633877696,
      -0.006504702916793924,
      0.007546305846749264
    ],
    [
      -0.011875366860037121,
      -0.006510082990707543,
      -0.0013072055826808774
    ]
  ],
  "98": [
    [
      -0.002975315520225227,
      0.005935636559409711,
      -0.015851471955854894
    ],
    [
      -0.011870522224558405,
      0.006062946618850853,
      -0.00681166587911686
    ],
    [
      -0.011902808124029345,
      -0.006497368960651433,
      -0.006617821705955461
    ],
    [
      -0.003010530792097106,
      -0.0066985466754452844,
      -0.015704540583983895
    ]
  ],
  "99": [
    [
      0.011145993549260479,
      0.006180522422571532,
      -0.006620229134909821
    ],
    [
      0.002196148554424376,
      0.005964183918058794,
      -0.015471120214098471
    ],
    [
      0.0024252059982761047,
      -0.006622698417746459,
      -0.015355949129117072
    ],
    [
      0.011388648554270048,
      -0.006419707125197176,
      -0.006510266546231715
    ]
  ]
}