{"rvec": [[1.4855361649415315], [-0.6891992593829581], [0.6368437552403128]], "tvec": [[0.07484597291272134], [0.13176156872190523], [0.22740365218503014]]}